{
    "$schema": "https://schema.management.azure.com/schemas/2015-01-01/deploymentParameters.json#",
    "contentVersion": "1.0.0.0",
    "parameters": {
        "sites_functionapp929_name": {
            "value": null
        },
        "components_functionapp929_name": {
            "value": null
        },
        "accounts_speech_9_12_name": {
            "value": null
        },
        "storageAccounts_functionapp912_name": {
            "value": null
        },
        "serverfarms_ASP_functionapp912_af0e_name": {
            "value": null
        },
        "workspaces_DefaultWorkspace_253f778b_553f_4871_b143_123f314c45c1_EUS_externalid": {
            "value": null
        }
    }
}